<?xml version = '1.0' encoding = 'UTF-8'?>
<relationalModel class="oracle.dbtools.crest.model.design.relational.RelationalDesign" name="Relational_1" id="E7EEE3C3-01DF-B8F8-4043-44E423D7C5E2" mainViewID="3E7885F5-6A49-5453-79B6-71EDE8DEC455">
<createdBy>Administrador</createdBy>
<createdTime>2021-11-09 22:42:09 UTC</createdTime>
<ownerDesignName>connectionIfoodTRX</ownerDesignName>
<shouldBeOpen>false</shouldBeOpen>
<selectedRDBMSSite>32076570-2523-435C-2E92-BF29817DFF70</selectedRDBMSSite>
</relationalModel>