<?xml version = '1.0' encoding = 'UTF-8'?>
<Diagram class="oracle.dbtools.crest.swingui.logical.DPVLogical" name="Logical" id="3CD78912-2111-6A8E-1317-11D1FBE18AB5">
<createdBy>Administrador</createdBy>
<modifiedBy>Administrador</modifiedBy>
<createdTime>2021-11-05 00:29:17 UTC</createdTime>
<autoRoute>false</autoRoute>
<boxInbox>true</boxInbox>
<showLegend>false</showLegend>
<showLabels>false</showLabels>
<showRelAttributes>false</showRelAttributes>
<gridEnabled>false</gridEnabled>
<showGrid>false</showGrid>
<diagramColor>-1</diagramColor>
<display>false</display>
<notation>2</notation>
<objectViews>
<OView class="oracle.dbtools.crest.swingui.logical.TVEntity" oid="0712D206-DEB7-8BB6-28C1-06A3B41B3DBC" otype="Entity" vid="5500CE3D-BE9D-AEFA-7844-43960209D1AD">
<hideElementsInCurrentOnly>false</hideElementsInCurrentOnly>
<bounds x="350" y="221" width="190" height="118"/>
<useDefaultColor>false</useDefaultColor>
<backgroundColor>-13108</backgroundColor>
<foregroundColor>-16776961</foregroundColor>
</OView>
<OView class="oracle.dbtools.crest.swingui.logical.TVEntity" oid="1108753F-3D53-EE62-C09E-18F9B74FD542" otype="Entity" vid="49CB42B2-E65E-627D-79C6-014461E2C091">
<hideElementsInCurrentOnly>false</hideElementsInCurrentOnly>
<bounds x="363" y="389" width="174" height="90"/>
<useDefaultColor>false</useDefaultColor>
<backgroundColor>-13108</backgroundColor>
<foregroundColor>-16776961</foregroundColor>
</OView>
<OView class="oracle.dbtools.crest.swingui.logical.TVEntity" oid="22DB5065-B993-A3C6-3808-D2DAD9716D62" otype="Entity" vid="BA7B7F0E-B59B-5563-E89C-0107C37E1EA7">
<hideElementsInCurrentOnly>false</hideElementsInCurrentOnly>
<bounds x="693" y="0" width="312" height="89"/>
<useDefaultColor>false</useDefaultColor>
<backgroundColor>-13159</backgroundColor>
<foregroundColor>-16776961</foregroundColor>
</OView>
<OView class="oracle.dbtools.crest.swingui.logical.TVEntity" oid="A290BEFB-7369-49B7-EABE-356995E5D44E" otype="Entity" vid="F57A17C1-50B8-6FD9-1CCA-416C08B836C0">
<hideElementsInCurrentOnly>false</hideElementsInCurrentOnly>
<bounds x="300" y="0" width="291" height="145"/>
<useDefaultColor>false</useDefaultColor>
<backgroundColor>-13159</backgroundColor>
<foregroundColor>-16776961</foregroundColor>
</OView>
<OView class="oracle.dbtools.crest.swingui.logical.TVEntity" oid="AF5E8980-B861-64E6-5380-B7F753741D9B" otype="Entity" vid="B9C7F326-0FFF-451A-2108-CC3F78B02AC8">
<hideElementsInCurrentOnly>false</hideElementsInCurrentOnly>
<bounds x="0" y="189" width="232" height="149"/>
</OView>
<OView class="oracle.dbtools.crest.swingui.logical.TVEntity" oid="D3671F8A-1C89-FA93-F02C-4DAFDCA1C661" otype="Entity" vid="52224F8E-C96B-213A-F87C-C5E51A7DC7C6">
<hideElementsInCurrentOnly>false</hideElementsInCurrentOnly>
<bounds x="0" y="0" width="190" height="100"/>
<useDefaultColor>false</useDefaultColor>
<backgroundColor>-52</backgroundColor>
<foregroundColor>-16776961</foregroundColor>
</OView>
<OView class="oracle.dbtools.crest.swingui.logical.TVEntity" oid="FCC293EC-682C-46E4-ABB3-10B25525E3F7" otype="Entity" vid="10542E83-65A6-8A34-1B9A-AEB2032F6602">
<hideElementsInCurrentOnly>false</hideElementsInCurrentOnly>
<bounds x="354" y="527" width="184" height="73"/>
<useDefaultColor>false</useDefaultColor>
<backgroundColor>-13108</backgroundColor>
<foregroundColor>-16776961</foregroundColor>
</OView>
</objectViews>
<connectors>
<Connector class="oracle.dbtools.crest.swingui.logical.TVRelation" oid="333FEDB2-CC9E-5CAA-0749-E18EF6A40E92" otype="Relation" vid_source="49CB42B2-E65E-627D-79C6-014461E2C091" vid_target="5500CE3D-BE9D-AEFA-7844-43960209D1AD">
<hideElementsInCurrentOnly>false</hideElementsInCurrentOnly>
<backgroundColor>-16777216</backgroundColor>
<lineWidth>1</lineWidth>
<points>
<point x="450" y="389"/>
<point x="450" y="339"/>
</points>
</Connector>
<Connector class="oracle.dbtools.crest.swingui.logical.TVRelation" oid="4B527BAB-35F9-521E-6299-A6301047E4C5" otype="Relation" vid_source="B9C7F326-0FFF-451A-2108-CC3F78B02AC8" vid_target="52224F8E-C96B-213A-F87C-C5E51A7DC7C6">
<hideElementsInCurrentOnly>false</hideElementsInCurrentOnly>
<backgroundColor>-16777216</backgroundColor>
<lineWidth>1</lineWidth>
<points>
<point x="95" y="189"/>
<point x="95" y="100"/>
</points>
</Connector>
<Connector class="oracle.dbtools.crest.swingui.logical.TVRelation" oid="6A5AE4CC-66D7-71FB-8401-FD1A20042FD9" otype="Relation" vid_source="BA7B7F0E-B59B-5563-E89C-0107C37E1EA7" vid_target="F57A17C1-50B8-6FD9-1CCA-416C08B836C0">
<hideElementsInCurrentOnly>false</hideElementsInCurrentOnly>
<backgroundColor>-16777216</backgroundColor>
<lineWidth>1</lineWidth>
<points>
<point x="693" y="44"/>
<point x="591" y="44"/>
</points>
</Connector>
<Connector class="oracle.dbtools.crest.swingui.logical.TVRelation" oid="C71E06A5-EAB0-D449-87DE-E3FFCB193F57" otype="Relation" vid_source="10542E83-65A6-8A34-1B9A-AEB2032F6602" vid_target="49CB42B2-E65E-627D-79C6-014461E2C091">
<hideElementsInCurrentOnly>false</hideElementsInCurrentOnly>
<backgroundColor>-16777216</backgroundColor>
<lineWidth>1</lineWidth>
<points>
<point x="450" y="527"/>
<point x="450" y="479"/>
</points>
</Connector>
<Connector class="oracle.dbtools.crest.swingui.logical.TVRelation" oid="CA862948-F68B-F7B1-F572-AEEBB0A4A247" otype="Relation" vid_source="52224F8E-C96B-213A-F87C-C5E51A7DC7C6" vid_target="F57A17C1-50B8-6FD9-1CCA-416C08B836C0">
<hideElementsInCurrentOnly>false</hideElementsInCurrentOnly>
<backgroundColor>-16777216</backgroundColor>
<lineWidth>1</lineWidth>
<points>
<point x="190" y="50"/>
<point x="300" y="50"/>
</points>
</Connector>
<Connector class="oracle.dbtools.crest.swingui.logical.TVRelation" oid="CFFF225A-C1A3-39E5-7AA9-113960843156" otype="Relation" vid_source="5500CE3D-BE9D-AEFA-7844-43960209D1AD" vid_target="F57A17C1-50B8-6FD9-1CCA-416C08B836C0">
<hideElementsInCurrentOnly>false</hideElementsInCurrentOnly>
<backgroundColor>-16777216</backgroundColor>
<lineWidth>1</lineWidth>
<points>
<point x="445" y="221"/>
<point x="445" y="145"/>
</points>
</Connector>
<Connector class="oracle.dbtools.crest.swingui.logical.TVRelation" oid="DAB10173-0486-E21D-BAD3-858C13511C8D" otype="Relation" vid_source="B9C7F326-0FFF-451A-2108-CC3F78B02AC8" vid_target="5500CE3D-BE9D-AEFA-7844-43960209D1AD">
<hideElementsInCurrentOnly>false</hideElementsInCurrentOnly>
<backgroundColor>-16777216</backgroundColor>
<lineWidth>1</lineWidth>
<points>
<point x="232" y="279"/>
<point x="350" y="279"/>
</points>
</Connector>
</connectors>
</Diagram>