<?xml version = '1.0' encoding = 'UTF-8'?>
<FKIndexAssociation class="oracle.dbtools.crest.model.design.relational.FKIndexAssociation" directorySegmentName="seg_0" id="523ECB16-968B-3081-C31C-FA9454FC4934" containerWithKeyObject="F3C7593A-C1A7-5211-0A27-7518041C297B" localFKIndex="3D7EF325-BBBA-9FE3-7B20-FF91688C8859" name="T_PEDIDOS_T_AVALIACAO_FK">
<createdBy>Administrador</createdBy>
<createdTime>2021-11-09 22:45:31 UTC</createdTime>
<generatorID>CA862948-F68B-F7B1-F572-AEEBB0A4A247</generatorID>
<ownerDesignName>connectionIfoodTRX</ownerDesignName>
<referredTableLongName>T_AVALIACAO</referredTableLongName>
<deleteRule>NO ACTION</deleteRule>
<referredTableID>2AB0EDB7-B2E8-43B4-22C6-E1EC556D9135</referredTableID>
<keyObject>FF82478A-B879-2F1B-30A8-9F2F1040FAF8</keyObject>
<referredKeyID>FF82478A-B879-2F1B-30A8-9F2F1040FAF8</referredKeyID>
<mandatory>true</mandatory>
<refColNames>id_avaliacao</refColNames>
<transferable>true</transferable>
<rely>false</rely>
<columnDependencyConstraintGenerateInDDL>true</columnDependencyConstraintGenerateInDDL>
</FKIndexAssociation>