<?xml version = '1.0' encoding = 'UTF-8'?>
<FKIndexAssociation class="oracle.dbtools.crest.model.design.relational.FKIndexAssociation" directorySegmentName="seg_0" id="5A9BBCBF-583C-7657-5151-4FECD08E52FB" containerWithKeyObject="1BF21F12-68EC-7787-9B54-5CB10FC78749" localFKIndex="30B56914-5202-BA39-0760-D56E1563E2D1" name="T_REG_PROD_T_PROD_FK">
<createdBy>Administrador</createdBy>
<createdTime>2021-11-09 22:45:31 UTC</createdTime>
<generatorID>333FEDB2-CC9E-5CAA-0749-E18EF6A40E92</generatorID>
<ownerDesignName>connectionIfoodTRX</ownerDesignName>
<referredTableLongName>T_PROD</referredTableLongName>
<deleteRule>NO ACTION</deleteRule>
<referredTableID>A0D1F50A-CA4B-B239-EC5D-51C004075E66</referredTableID>
<keyObject>95C13FFF-7174-BE4C-C3A4-00B91F66DEFC</keyObject>
<referredKeyID>95C13FFF-7174-BE4C-C3A4-00B91F66DEFC</referredKeyID>
<mandatory>true</mandatory>
<refColNames>id_prod</refColNames>
<transferable>true</transferable>
<rely>false</rely>
<columnDependencyConstraintGenerateInDDL>true</columnDependencyConstraintGenerateInDDL>
</FKIndexAssociation>