<?xml version = '1.0' encoding = 'UTF-8'?>
<FKIndexAssociation class="oracle.dbtools.crest.model.design.relational.FKIndexAssociation" directorySegmentName="seg_0" id="8777B295-CA14-5C2D-A59A-F552096AEF78" containerWithKeyObject="2AB0EDB7-B2E8-43B4-22C6-E1EC556D9135" localFKIndex="7A6F8099-3832-E00D-92F1-D549C9E5B5AE" name="T_AVALIACAO_T_REST_FK">
<createdBy>Administrador</createdBy>
<createdTime>2021-11-09 22:45:31 UTC</createdTime>
<generatorID>4B527BAB-35F9-521E-6299-A6301047E4C5</generatorID>
<ownerDesignName>connectionIfoodTRX</ownerDesignName>
<referredTableLongName>T_REST</referredTableLongName>
<deleteRule>NO ACTION</deleteRule>
<referredTableID>6BBB9FE0-13AB-0B8C-B971-32D895F755CA</referredTableID>
<keyObject>5421E5DC-B836-C5AF-FD47-E18B2F505632</keyObject>
<referredKeyID>5421E5DC-B836-C5AF-FD47-E18B2F505632</referredKeyID>
<mandatory>true</mandatory>
<refColNames>id_rest</refColNames>
<transferable>true</transferable>
<rely>false</rely>
<columnDependencyConstraintGenerateInDDL>true</columnDependencyConstraintGenerateInDDL>
</FKIndexAssociation>