<?xml version = '1.0' encoding = 'UTF-8'?>
<FKIndexAssociation class="oracle.dbtools.crest.model.design.relational.FKIndexAssociation" directorySegmentName="seg_0" id="A3532B60-CC4F-9E0B-A965-256C55F129D0" containerWithKeyObject="A0D1F50A-CA4B-B239-EC5D-51C004075E66" localFKIndex="264F9AC2-77B8-9D47-1CDF-2A195C4FD67E" name="T_PROD_T_CAT_PROD_FK">
<createdBy>Administrador</createdBy>
<createdTime>2021-11-09 22:45:31 UTC</createdTime>
<generatorID>C71E06A5-EAB0-D449-87DE-E3FFCB193F57</generatorID>
<ownerDesignName>connectionIfoodTRX</ownerDesignName>
<referredTableLongName>T_CAT_PROD</referredTableLongName>
<deleteRule>NO ACTION</deleteRule>
<referredTableID>288C0FD0-0C7E-1FFA-B879-9DE68D542C0C</referredTableID>
<keyObject>76E504DB-A777-D202-9049-02592F86E3C9</keyObject>
<referredKeyID>76E504DB-A777-D202-9049-02592F86E3C9</referredKeyID>
<mandatory>true</mandatory>
<refColNames>id_cat_prod</refColNames>
<transferable>true</transferable>
<rely>false</rely>
<columnDependencyConstraintGenerateInDDL>true</columnDependencyConstraintGenerateInDDL>
</FKIndexAssociation>