<?xml version = '1.0' encoding = 'UTF-8'?>
<FKIndexAssociation class="oracle.dbtools.crest.model.design.relational.FKIndexAssociation" directorySegmentName="seg_0" id="B37E59B1-D822-FBE9-15C2-2C3C40D328D0" containerWithKeyObject="F3C7593A-C1A7-5211-0A27-7518041C297B" localFKIndex="022E5176-D477-4352-0C16-99B4C80410FA" name="T_PEDIDOS_T_CLIENTE_FK">
<createdBy>Administrador</createdBy>
<createdTime>2021-11-09 22:45:31 UTC</createdTime>
<generatorID>6A5AE4CC-66D7-71FB-8401-FD1A20042FD9</generatorID>
<ownerDesignName>connectionIfoodTRX</ownerDesignName>
<referredTableLongName>T_CLIENTE</referredTableLongName>
<deleteRule>NO ACTION</deleteRule>
<referredTableID>22A8FE35-6301-DB17-D966-EFF7956A2D29</referredTableID>
<keyObject>F5F8CE83-AFC9-E6FF-404A-B03DCAFE3081</keyObject>
<referredKeyID>F5F8CE83-AFC9-E6FF-404A-B03DCAFE3081</referredKeyID>
<mandatory>true</mandatory>
<refColNames>id_cliente</refColNames>
<transferable>true</transferable>
<rely>false</rely>
<columnDependencyConstraintGenerateInDDL>true</columnDependencyConstraintGenerateInDDL>
</FKIndexAssociation>