<?xml version = '1.0' encoding = 'UTF-8'?>
<FKIndexAssociation class="oracle.dbtools.crest.model.design.relational.FKIndexAssociation" directorySegmentName="seg_0" id="CAE415DC-896D-BC55-F5DE-48B4B86AA4A9" containerWithKeyObject="1BF21F12-68EC-7787-9B54-5CB10FC78749" localFKIndex="3F5E1075-19F6-707A-1557-39E36706EFFC" name="T_REG_PROD_T_REST_FK">
<createdBy>Administrador</createdBy>
<createdTime>2021-11-09 22:45:31 UTC</createdTime>
<generatorID>DAB10173-0486-E21D-BAD3-858C13511C8D</generatorID>
<ownerDesignName>connectionIfoodTRX</ownerDesignName>
<referredTableLongName>T_REST</referredTableLongName>
<deleteRule>NO ACTION</deleteRule>
<referredTableID>6BBB9FE0-13AB-0B8C-B971-32D895F755CA</referredTableID>
<keyObject>5421E5DC-B836-C5AF-FD47-E18B2F505632</keyObject>
<referredKeyID>5421E5DC-B836-C5AF-FD47-E18B2F505632</referredKeyID>
<mandatory>true</mandatory>
<refColNames>id_rest</refColNames>
<transferable>true</transferable>
<rely>false</rely>
<columnDependencyConstraintGenerateInDDL>true</columnDependencyConstraintGenerateInDDL>
</FKIndexAssociation>