<?xml version = '1.0' encoding = 'UTF-8'?>
<FKIndexAssociation class="oracle.dbtools.crest.model.design.relational.FKIndexAssociation" directorySegmentName="seg_0" id="EE1A7BFE-37DF-0FEC-41EB-5901DFBCFBB7" containerWithKeyObject="F3C7593A-C1A7-5211-0A27-7518041C297B" localFKIndex="451263B8-15B1-47E3-7FD5-A0E46969721B" name="T_PEDIDOS_T_REG_PROD_FK">
<createdBy>Administrador</createdBy>
<createdTime>2021-11-09 22:45:31 UTC</createdTime>
<generatorID>CFFF225A-C1A3-39E5-7AA9-113960843156</generatorID>
<ownerDesignName>connectionIfoodTRX</ownerDesignName>
<referredTableLongName>T_REG_PROD</referredTableLongName>
<deleteRule>NO ACTION</deleteRule>
<referredTableID>1BF21F12-68EC-7787-9B54-5CB10FC78749</referredTableID>
<keyObject>17993DE7-35CE-92AA-08A4-D09AA94EB02D</keyObject>
<referredKeyID>17993DE7-35CE-92AA-08A4-D09AA94EB02D</referredKeyID>
<mandatory>true</mandatory>
<refColNames>id_reg_prod</refColNames>
<transferable>true</transferable>
<rely>false</rely>
<columnDependencyConstraintGenerateInDDL>true</columnDependencyConstraintGenerateInDDL>
</FKIndexAssociation>