<?xml version = '1.0' encoding = 'UTF-8'?>
<Table class="oracle.dbtools.crest.model.design.relational.Table" directorySegmentName="seg_0" id="1BF21F12-68EC-7787-9B54-5CB10FC78749" name="T_REG_PROD">
<createdBy>Administrador</createdBy>
<createdTime>2021-11-09 22:45:31 UTC</createdTime>
<generatorID>0712D206-DEB7-8BB6-28C1-06A3B41B3DBC</generatorID>
<ownerDesignName>connectionIfoodTRX</ownerDesignName>
<allowColumnReorder>false</allowColumnReorder>
<existDependencyGenerateInDDl>true</existDependencyGenerateInDDl>
<parsed>true</parsed>
<columns itemClass="oracle.dbtools.crest.model.design.relational.Column">
<Column name="id_reg_prod" id="DA628645-2215-2534-6770-8FCAC3234D31">
<createdBy>Administrador</createdBy>
<createdTime>2021-11-09 22:45:31 UTC</createdTime>
<generatorID>5440C913-90BF-7ED4-9C78-D7C96D1A3952</generatorID>
<ownerDesignName>connectionIfoodTRX</ownerDesignName>
<useDomainConstraints>false</useDomainConstraints>
<use>1</use>
<logicalDatatype>LOGDT019</logicalDatatype>
<dataTypePrecision>9</dataTypePrecision>
<ownDataTypeParameters>,9,</ownDataTypeParameters>
<autoIncrementCycle>false</autoIncrementCycle>
</Column>
<Column name="T_REST_id_rest" id="3F93E6B9-DDDC-8C9A-E8AA-5961A660C80C">
<createdBy>Administrador</createdBy>
<createdTime>2021-11-09 22:45:31 UTC</createdTime>
<generatorID>98959955-521D-0D4F-1966-3E6726757C99</generatorID>
<ownerDesignName>connectionIfoodTRX</ownerDesignName>
<useDomainConstraints>false</useDomainConstraints>
<use>1</use>
<logicalDatatype>LOGDT019</logicalDatatype>
<dataTypePrecision>9</dataTypePrecision>
<ownDataTypeParameters>,,</ownDataTypeParameters>
<previousColumn>false</previousColumn>
<autoIncrementCycle>false</autoIncrementCycle>
<associations>
<colAssociation fkAssociation="CAE415DC-896D-BC55-F5DE-48B4B86AA4A9" referredColumn="C27B5C57-B547-A6CD-2D02-4FC7F827C533"/>
</associations>
</Column>
<Column name="T_PROD_id_prod" id="2658A335-D567-0F8D-1E56-069647A241E5">
<createdBy>Administrador</createdBy>
<createdTime>2021-11-09 22:45:31 UTC</createdTime>
<generatorID>CB5DE380-7B4D-77A6-FB9B-65AE20148414</generatorID>
<ownerDesignName>connectionIfoodTRX</ownerDesignName>
<useDomainConstraints>false</useDomainConstraints>
<use>1</use>
<logicalDatatype>LOGDT019</logicalDatatype>
<dataTypePrecision>9</dataTypePrecision>
<ownDataTypeParameters>,,</ownDataTypeParameters>
<previousColumn>false</previousColumn>
<autoIncrementCycle>false</autoIncrementCycle>
<associations>
<colAssociation fkAssociation="5A9BBCBF-583C-7657-5151-4FECD08E52FB" referredColumn="E5A350C5-789B-8B3C-71E3-1A1EA4700B0D"/>
</associations>
</Column>
<Column name="ds_prod" id="F8338AAC-D837-89C8-C552-E7D06F728449">
<createdBy>Administrador</createdBy>
<createdTime>2021-11-09 22:45:31 UTC</createdTime>
<generatorID>BF0D843A-2FC2-163B-6DD9-8692407D12B9</generatorID>
<ownerDesignName>connectionIfoodTRX</ownerDesignName>
<useDomainConstraints>false</useDomainConstraints>
<use>1</use>
<logicalDatatype>A3A3C77D-0366-9768-FF89-1C25E56881C8</logicalDatatype>
<dataTypeSize>50</dataTypeSize>
<ownDataTypeParameters>50,,</ownDataTypeParameters>
<autoIncrementCycle>false</autoIncrementCycle>
</Column>
<Column name="vl_prod" id="C5EAF46F-807B-4E10-3E3E-1E9D83D7BEAF">
<createdBy>Administrador</createdBy>
<createdTime>2021-11-09 22:45:31 UTC</createdTime>
<generatorID>5AA64758-CA1B-00AA-A4E4-78E11172F0B9</generatorID>
<ownerDesignName>connectionIfoodTRX</ownerDesignName>
<useDomainConstraints>false</useDomainConstraints>
<use>1</use>
<logicalDatatype>LOGDT019</logicalDatatype>
<dataTypePrecision>5</dataTypePrecision>
<dataTypeScale>2</dataTypeScale>
<ownDataTypeParameters>,5,2</ownDataTypeParameters>
<autoIncrementCycle>false</autoIncrementCycle>
</Column>
</columns>
<indexes itemClass="oracle.dbtools.crest.model.design.relational.Index">
<ind_PK_UK id="17993DE7-35CE-92AA-08A4-D09AA94EB02D" name="T_REG_PROD_PK">
<createdBy>Administrador</createdBy>
<createdTime>2021-11-09 22:45:31 UTC</createdTime>
<generatorID>D2FB95B6-A8C4-6B21-0147-736FC811E2EF</generatorID>
<ownerDesignName>connectionIfoodTRX</ownerDesignName>
<pk>true</pk>
<indexState>Primary Constraint</indexState>
<isSurrogateKey>false</isSurrogateKey>
<indexColumnUsage>
<colUsage columnID="DA628645-2215-2534-6770-8FCAC3234D31"/>
</indexColumnUsage>
</ind_PK_UK>
<ind_PK_UK id="30B56914-5202-BA39-0760-D56E1563E2D1" name="T_REG_PROD_T_PROD_FK">
<createdBy>Administrador</createdBy>
<createdTime>2021-11-09 22:45:31 UTC</createdTime>
<generatorID>333FEDB2-CC9E-5CAA-0749-E18EF6A40E92</generatorID>
<ownerDesignName>connectionIfoodTRX</ownerDesignName>
<indexState>Foreign Key</indexState>
<isSurrogateKey>false</isSurrogateKey>
<indexColumnUsage>
<colUsage columnID="2658A335-D567-0F8D-1E56-069647A241E5"/>
</indexColumnUsage>
</ind_PK_UK>
<ind_PK_UK id="3F5E1075-19F6-707A-1557-39E36706EFFC" name="T_REG_PROD_T_REST_FK">
<createdBy>Administrador</createdBy>
<createdTime>2021-11-09 22:45:31 UTC</createdTime>
<generatorID>DAB10173-0486-E21D-BAD3-858C13511C8D</generatorID>
<ownerDesignName>connectionIfoodTRX</ownerDesignName>
<indexState>Foreign Key</indexState>
<isSurrogateKey>false</isSurrogateKey>
<indexColumnUsage>
<colUsage columnID="3F93E6B9-DDDC-8C9A-E8AA-5961A660C80C"/>
</indexColumnUsage>
</ind_PK_UK>
</indexes>
</Table>