<?xml version = '1.0' encoding = 'UTF-8'?>
<Table class="oracle.dbtools.crest.model.design.relational.Table" directorySegmentName="seg_0" id="22A8FE35-6301-DB17-D966-EFF7956A2D29" name="T_CLIENTE">
<createdBy>Administrador</createdBy>
<createdTime>2021-11-09 22:45:31 UTC</createdTime>
<generatorID>22DB5065-B993-A3C6-3808-D2DAD9716D62</generatorID>
<ownerDesignName>connectionIfoodTRX</ownerDesignName>
<allowColumnReorder>false</allowColumnReorder>
<existDependencyGenerateInDDl>true</existDependencyGenerateInDDl>
<parsed>true</parsed>
<columns itemClass="oracle.dbtools.crest.model.design.relational.Column">
<Column name="id_cliente" id="F3AB6737-9167-CF8D-4EA7-16653C280B58">
<createdBy>Administrador</createdBy>
<createdTime>2021-11-09 22:45:31 UTC</createdTime>
<generatorID>280C1AB3-6B5B-5398-7F19-21F98A7F386E</generatorID>
<ownerDesignName>connectionIfoodTRX</ownerDesignName>
<useDomainConstraints>false</useDomainConstraints>
<use>1</use>
<logicalDatatype>LOGDT019</logicalDatatype>
<dataTypePrecision>9</dataTypePrecision>
<ownDataTypeParameters>,9,</ownDataTypeParameters>
<autoIncrementCycle>false</autoIncrementCycle>
</Column>
<Column name="nm_cliente" id="80D100AA-6348-CA07-2716-5FFBB6713CB5">
<createdBy>Administrador</createdBy>
<createdTime>2021-11-09 22:45:31 UTC</createdTime>
<generatorID>D9A854E1-26AA-12E0-B3E6-71E787BB77BA</generatorID>
<ownerDesignName>connectionIfoodTRX</ownerDesignName>
<useDomainConstraints>false</useDomainConstraints>
<use>1</use>
<logicalDatatype>A3A3C77D-0366-9768-FF89-1C25E56881C8</logicalDatatype>
<dataTypeSize>50</dataTypeSize>
<ownDataTypeParameters>50,,</ownDataTypeParameters>
<autoIncrementCycle>false</autoIncrementCycle>
</Column>
<Column name="ds_end" id="BE2881C0-79CB-B64B-2FFD-2318A8C89E16">
<createdBy>Administrador</createdBy>
<createdTime>2021-11-09 22:45:31 UTC</createdTime>
<generatorID>E4CF8B45-3487-4E68-CC07-DD377DE17E6A</generatorID>
<ownerDesignName>connectionIfoodTRX</ownerDesignName>
<useDomainConstraints>false</useDomainConstraints>
<use>1</use>
<logicalDatatype>LOGDT024</logicalDatatype>
<dataTypeSize>50</dataTypeSize>
<ownDataTypeParameters>50,,</ownDataTypeParameters>
<autoIncrementCycle>false</autoIncrementCycle>
</Column>
</columns>
<indexes itemClass="oracle.dbtools.crest.model.design.relational.Index">
<ind_PK_UK id="F5F8CE83-AFC9-E6FF-404A-B03DCAFE3081" name="T_CLIENTE_PK">
<createdBy>Administrador</createdBy>
<createdTime>2021-11-09 22:45:31 UTC</createdTime>
<generatorID>FF140D6B-CDA0-784D-B0A5-9B0031C9CBD7</generatorID>
<ownerDesignName>connectionIfoodTRX</ownerDesignName>
<pk>true</pk>
<indexState>Primary Constraint</indexState>
<isSurrogateKey>false</isSurrogateKey>
<indexColumnUsage>
<colUsage columnID="F3AB6737-9167-CF8D-4EA7-16653C280B58"/>
</indexColumnUsage>
</ind_PK_UK>
</indexes>
</Table>