<?xml version = '1.0' encoding = 'UTF-8'?>
<Table class="oracle.dbtools.crest.model.design.relational.Table" directorySegmentName="seg_0" id="288C0FD0-0C7E-1FFA-B879-9DE68D542C0C" name="T_CAT_PROD">
<createdBy>Administrador</createdBy>
<createdTime>2021-11-09 22:45:31 UTC</createdTime>
<generatorID>FCC293EC-682C-46E4-ABB3-10B25525E3F7</generatorID>
<ownerDesignName>connectionIfoodTRX</ownerDesignName>
<allowColumnReorder>false</allowColumnReorder>
<existDependencyGenerateInDDl>true</existDependencyGenerateInDDl>
<parsed>true</parsed>
<columns itemClass="oracle.dbtools.crest.model.design.relational.Column">
<Column name="id_cat_prod" id="31367A43-6DD2-24F3-491B-35C8FDF81CF4">
<createdBy>Administrador</createdBy>
<createdTime>2021-11-09 22:45:31 UTC</createdTime>
<generatorID>93A636FE-5922-B86E-736D-E564F845267D</generatorID>
<ownerDesignName>connectionIfoodTRX</ownerDesignName>
<useDomainConstraints>false</useDomainConstraints>
<use>1</use>
<logicalDatatype>LOGDT019</logicalDatatype>
<dataTypePrecision>2</dataTypePrecision>
<ownDataTypeParameters>,2,</ownDataTypeParameters>
<autoIncrementCycle>false</autoIncrementCycle>
</Column>
<Column name="nm_cat_prod" id="91FE880B-F2B8-2E8F-6D17-3FD64D8F8CE1">
<createdBy>Administrador</createdBy>
<createdTime>2021-11-09 22:45:31 UTC</createdTime>
<generatorID>9E68A190-2F76-2647-F696-B56C36F2F55E</generatorID>
<ownerDesignName>connectionIfoodTRX</ownerDesignName>
<useDomainConstraints>false</useDomainConstraints>
<use>1</use>
<logicalDatatype>A3A3C77D-0366-9768-FF89-1C25E56881C8</logicalDatatype>
<dataTypeSize>20</dataTypeSize>
<ownDataTypeParameters>20,,</ownDataTypeParameters>
<autoIncrementCycle>false</autoIncrementCycle>
</Column>
</columns>
<indexes itemClass="oracle.dbtools.crest.model.design.relational.Index">
<ind_PK_UK id="76E504DB-A777-D202-9049-02592F86E3C9" name="T_CAT_PROD_PK">
<createdBy>Administrador</createdBy>
<createdTime>2021-11-09 22:45:31 UTC</createdTime>
<generatorID>1898996A-D3D7-DA4E-05CB-365AE7C76B2A</generatorID>
<ownerDesignName>connectionIfoodTRX</ownerDesignName>
<pk>true</pk>
<indexState>Primary Constraint</indexState>
<isSurrogateKey>false</isSurrogateKey>
<indexColumnUsage>
<colUsage columnID="31367A43-6DD2-24F3-491B-35C8FDF81CF4"/>
</indexColumnUsage>
</ind_PK_UK>
</indexes>
</Table>