<?xml version = '1.0' encoding = 'UTF-8'?>
<Table class="oracle.dbtools.crest.model.design.relational.Table" directorySegmentName="seg_0" id="2AB0EDB7-B2E8-43B4-22C6-E1EC556D9135" name="T_AVALIACAO">
<createdBy>Administrador</createdBy>
<createdTime>2021-11-09 22:45:31 UTC</createdTime>
<generatorID>D3671F8A-1C89-FA93-F02C-4DAFDCA1C661</generatorID>
<ownerDesignName>connectionIfoodTRX</ownerDesignName>
<allowColumnReorder>false</allowColumnReorder>
<existDependencyGenerateInDDl>true</existDependencyGenerateInDDl>
<parsed>true</parsed>
<columns itemClass="oracle.dbtools.crest.model.design.relational.Column">
<Column name="id_avaliacao" id="965C9F94-37F5-4D34-0213-F2C946A0000B">
<createdBy>Administrador</createdBy>
<createdTime>2021-11-09 22:45:31 UTC</createdTime>
<generatorID>C16048A6-0492-B858-1D39-281CB99E363F</generatorID>
<ownerDesignName>connectionIfoodTRX</ownerDesignName>
<useDomainConstraints>false</useDomainConstraints>
<use>1</use>
<logicalDatatype>LOGDT019</logicalDatatype>
<dataTypePrecision>9</dataTypePrecision>
<ownDataTypeParameters>,9,</ownDataTypeParameters>
<autoIncrementCycle>false</autoIncrementCycle>
</Column>
<Column name="T_REST_id_rest" id="2FEB0307-1E3D-0BC5-199A-4BF3A2B7BFC2">
<createdBy>Administrador</createdBy>
<createdTime>2021-11-09 22:45:31 UTC</createdTime>
<generatorID>6C746F50-F581-2EAE-C043-2DB6507D6444</generatorID>
<ownerDesignName>connectionIfoodTRX</ownerDesignName>
<useDomainConstraints>false</useDomainConstraints>
<use>1</use>
<logicalDatatype>LOGDT019</logicalDatatype>
<dataTypePrecision>9</dataTypePrecision>
<ownDataTypeParameters>,,</ownDataTypeParameters>
<previousColumn>false</previousColumn>
<autoIncrementCycle>false</autoIncrementCycle>
<associations>
<colAssociation fkAssociation="8777B295-CA14-5C2D-A59A-F552096AEF78" referredColumn="C27B5C57-B547-A6CD-2D02-4FC7F827C533"/>
</associations>
</Column>
<Column name="nt_avaliacao" id="C30CCC5D-F4F8-6B33-FF48-A874F7DB55F2">
<createdBy>Administrador</createdBy>
<createdTime>2021-11-09 22:45:31 UTC</createdTime>
<generatorID>2B985B79-217D-4EE3-7AFD-DE061361E229</generatorID>
<ownerDesignName>connectionIfoodTRX</ownerDesignName>
<nullsAllowed>true</nullsAllowed>
<useDomainConstraints>false</useDomainConstraints>
<use>1</use>
<logicalDatatype>LOGDT019</logicalDatatype>
<dataTypePrecision>1</dataTypePrecision>
<ownDataTypeParameters>,1,</ownDataTypeParameters>
<autoIncrementCycle>false</autoIncrementCycle>
</Column>
<Column name="ds_avaliacao" id="B64A187C-5FF2-1297-2A66-6341204D2FB9">
<createdBy>Administrador</createdBy>
<createdTime>2021-11-09 22:45:31 UTC</createdTime>
<generatorID>3846B511-2089-DC15-719A-AEA6ABF9A27E</generatorID>
<ownerDesignName>connectionIfoodTRX</ownerDesignName>
<nullsAllowed>true</nullsAllowed>
<useDomainConstraints>false</useDomainConstraints>
<use>1</use>
<logicalDatatype>A3A3C77D-0366-9768-FF89-1C25E56881C8</logicalDatatype>
<dataTypeSize>120</dataTypeSize>
<ownDataTypeParameters>120,,</ownDataTypeParameters>
<autoIncrementCycle>false</autoIncrementCycle>
</Column>
</columns>
<indexes itemClass="oracle.dbtools.crest.model.design.relational.Index">
<ind_PK_UK id="FF82478A-B879-2F1B-30A8-9F2F1040FAF8" name="T_AVALIACAO_PK">
<createdBy>Administrador</createdBy>
<createdTime>2021-11-09 22:45:31 UTC</createdTime>
<generatorID>F254F1C2-6537-184E-59C0-7E5C432B996D</generatorID>
<ownerDesignName>connectionIfoodTRX</ownerDesignName>
<pk>true</pk>
<indexState>Primary Constraint</indexState>
<isSurrogateKey>false</isSurrogateKey>
<indexColumnUsage>
<colUsage columnID="965C9F94-37F5-4D34-0213-F2C946A0000B"/>
</indexColumnUsage>
</ind_PK_UK>
<ind_PK_UK id="7A6F8099-3832-E00D-92F1-D549C9E5B5AE" name="T_AVALIACAO_T_REST_FK">
<createdBy>Administrador</createdBy>
<createdTime>2021-11-09 22:45:31 UTC</createdTime>
<generatorID>4B527BAB-35F9-521E-6299-A6301047E4C5</generatorID>
<ownerDesignName>connectionIfoodTRX</ownerDesignName>
<indexState>Foreign Key</indexState>
<isSurrogateKey>false</isSurrogateKey>
<indexColumnUsage>
<colUsage columnID="2FEB0307-1E3D-0BC5-199A-4BF3A2B7BFC2"/>
</indexColumnUsage>
</ind_PK_UK>
</indexes>
</Table>