<?xml version = '1.0' encoding = 'UTF-8'?>
<Table class="oracle.dbtools.crest.model.design.relational.Table" directorySegmentName="seg_0" id="A0D1F50A-CA4B-B239-EC5D-51C004075E66" name="T_PROD">
<createdBy>Administrador</createdBy>
<createdTime>2021-11-09 22:45:31 UTC</createdTime>
<generatorID>1108753F-3D53-EE62-C09E-18F9B74FD542</generatorID>
<ownerDesignName>connectionIfoodTRX</ownerDesignName>
<allowColumnReorder>false</allowColumnReorder>
<existDependencyGenerateInDDl>true</existDependencyGenerateInDDl>
<parsed>true</parsed>
<columns itemClass="oracle.dbtools.crest.model.design.relational.Column">
<Column name="id_prod" id="E5A350C5-789B-8B3C-71E3-1A1EA4700B0D">
<createdBy>Administrador</createdBy>
<createdTime>2021-11-09 22:45:31 UTC</createdTime>
<generatorID>5A97BED6-EFE4-43AF-F2FC-1869878DA9B1</generatorID>
<ownerDesignName>connectionIfoodTRX</ownerDesignName>
<useDomainConstraints>false</useDomainConstraints>
<use>1</use>
<logicalDatatype>LOGDT019</logicalDatatype>
<dataTypePrecision>9</dataTypePrecision>
<ownDataTypeParameters>,9,</ownDataTypeParameters>
<autoIncrementCycle>false</autoIncrementCycle>
</Column>
<Column name="T_CAT_PROD_id_cat_prod" id="903F5C2A-4E21-757F-C968-B485674A3EE8">
<createdBy>Administrador</createdBy>
<createdTime>2021-11-09 22:45:31 UTC</createdTime>
<generatorID>1309E62C-943B-4B8D-C537-42B29E54DA47</generatorID>
<ownerDesignName>connectionIfoodTRX</ownerDesignName>
<useDomainConstraints>false</useDomainConstraints>
<use>1</use>
<logicalDatatype>LOGDT019</logicalDatatype>
<dataTypePrecision>2</dataTypePrecision>
<ownDataTypeParameters>,,</ownDataTypeParameters>
<previousColumn>false</previousColumn>
<autoIncrementCycle>false</autoIncrementCycle>
<associations>
<colAssociation fkAssociation="A3532B60-CC4F-9E0B-A965-256C55F129D0" referredColumn="31367A43-6DD2-24F3-491B-35C8FDF81CF4"/>
</associations>
</Column>
<Column name="nm_prod" id="E27CD39E-A116-715B-0607-E2D240F0A30D">
<createdBy>Administrador</createdBy>
<createdTime>2021-11-09 22:45:31 UTC</createdTime>
<generatorID>E28AECE9-B79E-1BB6-4C8A-9608CC78B5DF</generatorID>
<ownerDesignName>connectionIfoodTRX</ownerDesignName>
<useDomainConstraints>false</useDomainConstraints>
<use>1</use>
<logicalDatatype>A3A3C77D-0366-9768-FF89-1C25E56881C8</logicalDatatype>
<dataTypeSize>20</dataTypeSize>
<ownDataTypeParameters>20,,</ownDataTypeParameters>
<autoIncrementCycle>false</autoIncrementCycle>
</Column>
</columns>
<indexes itemClass="oracle.dbtools.crest.model.design.relational.Index">
<ind_PK_UK id="95C13FFF-7174-BE4C-C3A4-00B91F66DEFC" name="T_PROD_PK">
<createdBy>Administrador</createdBy>
<createdTime>2021-11-09 22:45:31 UTC</createdTime>
<generatorID>00CD24D9-35C5-BECC-0C3C-F96458FC8CEE</generatorID>
<ownerDesignName>connectionIfoodTRX</ownerDesignName>
<pk>true</pk>
<indexState>Primary Constraint</indexState>
<isSurrogateKey>false</isSurrogateKey>
<indexColumnUsage>
<colUsage columnID="E5A350C5-789B-8B3C-71E3-1A1EA4700B0D"/>
</indexColumnUsage>
</ind_PK_UK>
<ind_PK_UK id="264F9AC2-77B8-9D47-1CDF-2A195C4FD67E" name="T_PROD_T_CAT_PROD_FK">
<createdBy>Administrador</createdBy>
<createdTime>2021-11-09 22:45:31 UTC</createdTime>
<generatorID>C71E06A5-EAB0-D449-87DE-E3FFCB193F57</generatorID>
<ownerDesignName>connectionIfoodTRX</ownerDesignName>
<indexState>Foreign Key</indexState>
<isSurrogateKey>false</isSurrogateKey>
<indexColumnUsage>
<colUsage columnID="903F5C2A-4E21-757F-C968-B485674A3EE8"/>
</indexColumnUsage>
</ind_PK_UK>
</indexes>
</Table>