<?xml version = '1.0' encoding = 'UTF-8'?>
<Table class="oracle.dbtools.crest.model.design.relational.Table" directorySegmentName="seg_0" id="F3C7593A-C1A7-5211-0A27-7518041C297B" name="T_PEDIDOS">
<createdBy>Administrador</createdBy>
<createdTime>2021-11-09 22:45:31 UTC</createdTime>
<generatorID>A290BEFB-7369-49B7-EABE-356995E5D44E</generatorID>
<ownerDesignName>connectionIfoodTRX</ownerDesignName>
<allowColumnReorder>false</allowColumnReorder>
<existDependencyGenerateInDDl>true</existDependencyGenerateInDDl>
<parsed>true</parsed>
<columns itemClass="oracle.dbtools.crest.model.design.relational.Column">
<Column name="id_pedido" id="AF975D54-8DFF-613C-519A-E45D291045EE">
<createdBy>Administrador</createdBy>
<createdTime>2021-11-09 22:45:31 UTC</createdTime>
<generatorID>A585185D-C13C-D0A4-7F9B-139EE91B9E66</generatorID>
<ownerDesignName>connectionIfoodTRX</ownerDesignName>
<useDomainConstraints>false</useDomainConstraints>
<use>1</use>
<logicalDatatype>LOGDT019</logicalDatatype>
<dataTypePrecision>9</dataTypePrecision>
<ownDataTypeParameters>,9,</ownDataTypeParameters>
<autoIncrementCycle>false</autoIncrementCycle>
</Column>
<Column name="T_CLIENTE_id_cliente" id="1DEFE21D-F347-801A-52DF-22B7598AB9FA">
<createdBy>Administrador</createdBy>
<createdTime>2021-11-09 22:45:31 UTC</createdTime>
<generatorID>819347DF-7A86-253A-4F51-14A987CADFC3</generatorID>
<ownerDesignName>connectionIfoodTRX</ownerDesignName>
<useDomainConstraints>false</useDomainConstraints>
<use>1</use>
<logicalDatatype>LOGDT019</logicalDatatype>
<dataTypePrecision>9</dataTypePrecision>
<ownDataTypeParameters>,,</ownDataTypeParameters>
<previousColumn>false</previousColumn>
<autoIncrementCycle>false</autoIncrementCycle>
<associations>
<colAssociation fkAssociation="B37E59B1-D822-FBE9-15C2-2C3C40D328D0" referredColumn="F3AB6737-9167-CF8D-4EA7-16653C280B58"/>
</associations>
</Column>
<Column name="T_REG_PROD_id_reg_prod" id="E82E18BF-A68C-513E-DB5D-91343452EB80">
<createdBy>Administrador</createdBy>
<createdTime>2021-11-09 22:45:31 UTC</createdTime>
<generatorID>247B88F7-A7FC-1A85-C67C-75C39BFAA820</generatorID>
<ownerDesignName>connectionIfoodTRX</ownerDesignName>
<useDomainConstraints>false</useDomainConstraints>
<use>1</use>
<logicalDatatype>LOGDT019</logicalDatatype>
<dataTypePrecision>9</dataTypePrecision>
<ownDataTypeParameters>,,</ownDataTypeParameters>
<previousColumn>false</previousColumn>
<autoIncrementCycle>false</autoIncrementCycle>
<associations>
<colAssociation fkAssociation="EE1A7BFE-37DF-0FEC-41EB-5901DFBCFBB7" referredColumn="DA628645-2215-2534-6770-8FCAC3234D31"/>
</associations>
</Column>
<Column name="T_AVALIACAO_id_avaliacao" id="8C0E9566-01E2-FBE7-CDB0-806C5242DAE5">
<createdBy>Administrador</createdBy>
<createdTime>2021-11-09 22:45:31 UTC</createdTime>
<generatorID>A445DA52-F6CC-8B74-6881-EF51F7FF1C90</generatorID>
<ownerDesignName>connectionIfoodTRX</ownerDesignName>
<useDomainConstraints>false</useDomainConstraints>
<use>1</use>
<logicalDatatype>LOGDT019</logicalDatatype>
<dataTypePrecision>9</dataTypePrecision>
<ownDataTypeParameters>,,</ownDataTypeParameters>
<previousColumn>false</previousColumn>
<autoIncrementCycle>false</autoIncrementCycle>
<associations>
<colAssociation fkAssociation="523ECB16-968B-3081-C31C-FA9454FC4934" referredColumn="965C9F94-37F5-4D34-0213-F2C946A0000B"/>
</associations>
</Column>
<Column name="vl_taxa_entr" id="F7CD5B49-0F45-CE93-1DE2-A7239E90DEAD">
<createdBy>Administrador</createdBy>
<createdTime>2021-11-09 22:45:31 UTC</createdTime>
<generatorID>4F11B691-E8EF-0985-E3DC-79E14A622DCF</generatorID>
<ownerDesignName>connectionIfoodTRX</ownerDesignName>
<useDomainConstraints>false</useDomainConstraints>
<use>1</use>
<logicalDatatype>LOGDT019</logicalDatatype>
<dataTypePrecision>5</dataTypePrecision>
<dataTypeScale>2</dataTypeScale>
<ownDataTypeParameters>,5,2</ownDataTypeParameters>
<autoIncrementCycle>false</autoIncrementCycle>
</Column>
<Column name="qt_prod" id="C8E92A7D-3411-2EFF-FF41-5C359E8F5F02">
<createdBy>Administrador</createdBy>
<createdTime>2021-11-09 22:45:31 UTC</createdTime>
<generatorID>F7C018FA-17EF-69E6-1FD2-BD0B8E34C049</generatorID>
<ownerDesignName>connectionIfoodTRX</ownerDesignName>
<useDomainConstraints>false</useDomainConstraints>
<use>1</use>
<logicalDatatype>LOGDT019</logicalDatatype>
<dataTypePrecision>2</dataTypePrecision>
<ownDataTypeParameters>,2,</ownDataTypeParameters>
<autoIncrementCycle>false</autoIncrementCycle>
</Column>
<Column name="vl_total" id="83D21DB4-9791-A128-6F23-621E0E7BF282">
<createdBy>Administrador</createdBy>
<createdTime>2021-11-09 22:45:31 UTC</createdTime>
<generatorID>E95CD4A2-B918-6A41-2653-328ECC38CA06</generatorID>
<ownerDesignName>connectionIfoodTRX</ownerDesignName>
<useDomainConstraints>false</useDomainConstraints>
<use>1</use>
<logicalDatatype>LOGDT019</logicalDatatype>
<dataTypePrecision>5</dataTypePrecision>
<dataTypeScale>2</dataTypeScale>
<ownDataTypeParameters>,5,2</ownDataTypeParameters>
<autoIncrementCycle>false</autoIncrementCycle>
</Column>
</columns>
<indexes itemClass="oracle.dbtools.crest.model.design.relational.Index">
<ind_PK_UK id="40DC223E-4CFD-9FE9-76AE-D48CB717C2E7" name="T_PEDIDOS_PK">
<createdBy>Administrador</createdBy>
<createdTime>2021-11-09 22:45:31 UTC</createdTime>
<generatorID>006AE676-5CC3-24BD-EE1B-235C08AE8C14</generatorID>
<ownerDesignName>connectionIfoodTRX</ownerDesignName>
<pk>true</pk>
<indexState>Primary Constraint</indexState>
<isSurrogateKey>false</isSurrogateKey>
<indexColumnUsage>
<colUsage columnID="AF975D54-8DFF-613C-519A-E45D291045EE"/>
</indexColumnUsage>
</ind_PK_UK>
<ind_PK_UK id="451263B8-15B1-47E3-7FD5-A0E46969721B" name="T_PEDIDOS_T_REG_PROD_FK">
<createdBy>Administrador</createdBy>
<createdTime>2021-11-09 22:45:31 UTC</createdTime>
<generatorID>CFFF225A-C1A3-39E5-7AA9-113960843156</generatorID>
<ownerDesignName>connectionIfoodTRX</ownerDesignName>
<indexState>Foreign Key</indexState>
<isSurrogateKey>false</isSurrogateKey>
<indexColumnUsage>
<colUsage columnID="E82E18BF-A68C-513E-DB5D-91343452EB80"/>
</indexColumnUsage>
</ind_PK_UK>
<ind_PK_UK id="3D7EF325-BBBA-9FE3-7B20-FF91688C8859" name="T_PEDIDOS_T_AVALIACAO_FK">
<createdBy>Administrador</createdBy>
<createdTime>2021-11-09 22:45:31 UTC</createdTime>
<generatorID>CA862948-F68B-F7B1-F572-AEEBB0A4A247</generatorID>
<ownerDesignName>connectionIfoodTRX</ownerDesignName>
<indexState>Foreign Key</indexState>
<isSurrogateKey>false</isSurrogateKey>
<indexColumnUsage>
<colUsage columnID="8C0E9566-01E2-FBE7-CDB0-806C5242DAE5"/>
</indexColumnUsage>
</ind_PK_UK>
<ind_PK_UK id="022E5176-D477-4352-0C16-99B4C80410FA" name="T_PEDIDOS_T_CLIENTE_FK">
<createdBy>Administrador</createdBy>
<createdTime>2021-11-09 22:45:31 UTC</createdTime>
<generatorID>6A5AE4CC-66D7-71FB-8401-FD1A20042FD9</generatorID>
<ownerDesignName>connectionIfoodTRX</ownerDesignName>
<indexState>Foreign Key</indexState>
<isSurrogateKey>false</isSurrogateKey>
<indexColumnUsage>
<colUsage columnID="1DEFE21D-F347-801A-52DF-22B7598AB9FA"/>
</indexColumnUsage>
</ind_PK_UK>
</indexes>
</Table>