<?xml version = '1.0' encoding = 'UTF-8'?>
<Diagram class="oracle.dbtools.crest.swingui.relational.DPVRelational" name="Relational_1" id="3E7885F5-6A49-5453-79B6-71EDE8DEC455">
<createdBy>Administrador</createdBy>
<modifiedBy>Administrador</modifiedBy>
<createdTime>2021-11-09 22:45:27 UTC</createdTime>
<autoRoute>false</autoRoute>
<boxInbox>true</boxInbox>
<showLegend>false</showLegend>
<showLabels>false</showLabels>
<showRelAttributes>false</showRelAttributes>
<gridEnabled>false</gridEnabled>
<showGrid>false</showGrid>
<diagramColor>-1</diagramColor>
<display>false</display>
<notation>1</notation>
<objectViews>
<OView class="oracle.dbtools.crest.swingui.relational.TVTable" oid="1BF21F12-68EC-7787-9B54-5CB10FC78749" otype="Table" vid="12C47A2F-EC13-B7A4-2B85-D0E0B3D8E554">
<hideElementsInCurrentOnly>false</hideElementsInCurrentOnly>
<bounds x="403" y="243" width="258" height="153"/>
<useDefaultColor>false</useDefaultColor>
<backgroundColor>-13108</backgroundColor>
<foregroundColor>-16776961</foregroundColor>
</OView>
<OView class="oracle.dbtools.crest.swingui.relational.TVTable" oid="22A8FE35-6301-DB17-D966-EFF7956A2D29" otype="Table" vid="E724FDAC-0359-CE8D-3388-578A0A55571D">
<hideElementsInCurrentOnly>false</hideElementsInCurrentOnly>
<bounds x="805" y="49" width="312" height="89"/>
<useDefaultColor>false</useDefaultColor>
<backgroundColor>-13159</backgroundColor>
<foregroundColor>-16776961</foregroundColor>
</OView>
<OView class="oracle.dbtools.crest.swingui.relational.TVTable" oid="288C0FD0-0C7E-1FFA-B879-9DE68D542C0C" otype="Table" vid="65D7849C-F435-AFED-CA84-3E0505EE7F1F">
<hideElementsInCurrentOnly>false</hideElementsInCurrentOnly>
<bounds x="443" y="581" width="184" height="73"/>
<useDefaultColor>false</useDefaultColor>
<backgroundColor>-13108</backgroundColor>
<foregroundColor>-16776961</foregroundColor>
</OView>
<OView class="oracle.dbtools.crest.swingui.relational.TVTable" oid="2AB0EDB7-B2E8-43B4-22C6-E1EC556D9135" otype="Table" vid="AF06EF6D-59F0-2836-248F-D237FD548CE0">
<hideElementsInCurrentOnly>false</hideElementsInCurrentOnly>
<bounds x="0" y="0" width="253" height="125"/>
<useDefaultColor>false</useDefaultColor>
<backgroundColor>-52</backgroundColor>
<foregroundColor>-16776961</foregroundColor>
</OView>
<OView class="oracle.dbtools.crest.swingui.relational.TVTable" oid="6BBB9FE0-13AB-0B8C-B971-32D895F755CA" otype="Table" vid="E755F834-0CF5-EEE1-5E70-77DA63C70CBD">
<hideElementsInCurrentOnly>false</hideElementsInCurrentOnly>
<bounds x="0" y="223" width="232" height="149"/>
</OView>
<OView class="oracle.dbtools.crest.swingui.relational.TVTable" oid="A0D1F50A-CA4B-B239-EC5D-51C004075E66" otype="Table" vid="CB11FB5B-C0A9-0391-8BAC-65254C46D3F8">
<hideElementsInCurrentOnly>false</hideElementsInCurrentOnly>
<bounds x="388" y="430" width="309" height="109"/>
<useDefaultColor>false</useDefaultColor>
<backgroundColor>-13108</backgroundColor>
<foregroundColor>-16776961</foregroundColor>
</OView>
<OView class="oracle.dbtools.crest.swingui.relational.TVTable" oid="F3C7593A-C1A7-5211-0A27-7518041C297B" otype="Table" vid="3E70FAAA-D5A7-09D3-D075-CFE984DD5C2F">
<hideElementsInCurrentOnly>false</hideElementsInCurrentOnly>
<bounds x="361" y="0" width="363" height="192"/>
<useDefaultColor>false</useDefaultColor>
<backgroundColor>-13159</backgroundColor>
<foregroundColor>-16776961</foregroundColor>
</OView>
</objectViews>
<connectors>
<Connector class="oracle.dbtools.crest.swingui.relational.TVFKRelation" oid="523ECB16-968B-3081-C31C-FA9454FC4934" otype="FKIndexAssociation" vid_source="AF06EF6D-59F0-2836-248F-D237FD548CE0" vid_target="3E70FAAA-D5A7-09D3-D075-CFE984DD5C2F">
<hideElementsInCurrentOnly>false</hideElementsInCurrentOnly>
<backgroundColor>-16777216</backgroundColor>
<lineWidth>1</lineWidth>
<points>
<point x="253" y="62"/>
<point x="361" y="62"/>
</points>
</Connector>
<Connector class="oracle.dbtools.crest.swingui.relational.TVFKRelation" oid="5A9BBCBF-583C-7657-5151-4FECD08E52FB" otype="FKIndexAssociation" vid_source="CB11FB5B-C0A9-0391-8BAC-65254C46D3F8" vid_target="12C47A2F-EC13-B7A4-2B85-D0E0B3D8E554">
<hideElementsInCurrentOnly>false</hideElementsInCurrentOnly>
<backgroundColor>-16777216</backgroundColor>
<lineWidth>1</lineWidth>
<points>
<point x="532" y="430"/>
<point x="532" y="396"/>
</points>
</Connector>
<Connector class="oracle.dbtools.crest.swingui.relational.TVFKRelation" oid="8777B295-CA14-5C2D-A59A-F552096AEF78" otype="FKIndexAssociation" vid_source="E755F834-0CF5-EEE1-5E70-77DA63C70CBD" vid_target="AF06EF6D-59F0-2836-248F-D237FD548CE0">
<hideElementsInCurrentOnly>false</hideElementsInCurrentOnly>
<backgroundColor>-16777216</backgroundColor>
<lineWidth>1</lineWidth>
<points>
<point x="116" y="223"/>
<point x="116" y="125"/>
</points>
</Connector>
<Connector class="oracle.dbtools.crest.swingui.relational.TVFKRelation" oid="A3532B60-CC4F-9E0B-A965-256C55F129D0" otype="FKIndexAssociation" vid_source="65D7849C-F435-AFED-CA84-3E0505EE7F1F" vid_target="CB11FB5B-C0A9-0391-8BAC-65254C46D3F8">
<hideElementsInCurrentOnly>false</hideElementsInCurrentOnly>
<backgroundColor>-16777216</backgroundColor>
<lineWidth>1</lineWidth>
<points>
<point x="535" y="581"/>
<point x="535" y="539"/>
</points>
</Connector>
<Connector class="oracle.dbtools.crest.swingui.relational.TVFKRelation" oid="B37E59B1-D822-FBE9-15C2-2C3C40D328D0" otype="FKIndexAssociation" vid_source="E724FDAC-0359-CE8D-3388-578A0A55571D" vid_target="3E70FAAA-D5A7-09D3-D075-CFE984DD5C2F">
<hideElementsInCurrentOnly>false</hideElementsInCurrentOnly>
<backgroundColor>-16777216</backgroundColor>
<lineWidth>1</lineWidth>
<points>
<point x="805" y="93"/>
<point x="724" y="93"/>
</points>
</Connector>
<Connector class="oracle.dbtools.crest.swingui.relational.TVFKRelation" oid="CAE415DC-896D-BC55-F5DE-48B4B86AA4A9" otype="FKIndexAssociation" vid_source="E755F834-0CF5-EEE1-5E70-77DA63C70CBD" vid_target="12C47A2F-EC13-B7A4-2B85-D0E0B3D8E554">
<hideElementsInCurrentOnly>false</hideElementsInCurrentOnly>
<backgroundColor>-16777216</backgroundColor>
<lineWidth>1</lineWidth>
<points>
<point x="232" y="307"/>
<point x="403" y="307"/>
</points>
</Connector>
<Connector class="oracle.dbtools.crest.swingui.relational.TVFKRelation" oid="EE1A7BFE-37DF-0FEC-41EB-5901DFBCFBB7" otype="FKIndexAssociation" vid_source="12C47A2F-EC13-B7A4-2B85-D0E0B3D8E554" vid_target="3E70FAAA-D5A7-09D3-D075-CFE984DD5C2F">
<hideElementsInCurrentOnly>false</hideElementsInCurrentOnly>
<backgroundColor>-16777216</backgroundColor>
<lineWidth>1</lineWidth>
<points>
<point x="532" y="243"/>
<point x="532" y="192"/>
</points>
</Connector>
</connectors>
</Diagram>