<?xml version = '1.0' encoding = 'UTF-8'?>
<Entity class="oracle.dbtools.crest.model.design.logical.Entity" directorySegmentName="seg_0" id="0712D206-DEB7-8BB6-28C1-06A3B41B3DBC" name="T_REG_PROD">
<createdBy>Administrador</createdBy>
<createdTime>2021-11-05 01:55:04 UTC</createdTime>
<ownerDesignName>connectionIfoodTRX</ownerDesignName>
<engineerTo>
<item key="E7EEE3C3-01DF-B8F8-4043-44E423D7C5E2" value="true"/>
</engineerTo>
<adequatelyNormalized>NO</adequatelyNormalized>
<expectedVolumes>0</expectedVolumes>
<fwdEngineeringStrategyName>Single Table</fwdEngineeringStrategyName>
<growthPercent>0</growthPercent>
<growthType>Year</growthType>
<maxVolumes>9999999</maxVolumes>
<minVolumes>0</minVolumes>
<normalForm>Third</normalForm>
<attributes itemClass="oracle.dbtools.crest.model.design.logical.Attribute">
<Attribute name="id_reg_prod" id="5440C913-90BF-7ED4-9C78-D7C96D1A3952">
<createdBy>Administrador</createdBy>
<createdTime>2021-11-08 23:36:29 UTC</createdTime>
<ownerDesignName>connectionIfoodTRX</ownerDesignName>
<engineerTo>
<item key="E7EEE3C3-01DF-B8F8-4043-44E423D7C5E2" value="true"/>
</engineerTo>
<useDomainConstraints>false</useDomainConstraints>
<use>1</use>
<logicalDatatype>LOGDT019</logicalDatatype>
<dataTypePrecision>9</dataTypePrecision>
<ownDataTypeParameters>,9,</ownDataTypeParameters>
</Attribute>
<Attribute name="id_rest" id="98959955-521D-0D4F-1966-3E6726757C99">
<createdBy>Administrador</createdBy>
<createdTime>2021-11-05 01:59:38 UTC</createdTime>
<generatorID>DAB10173-0486-E21D-BAD3-858C13511C8D</generatorID>
<ownerDesignName>connectionIfoodTRX</ownerDesignName>
<engineerTo>
<item key="E7EEE3C3-01DF-B8F8-4043-44E423D7C5E2" value="true"/>
</engineerTo>
<referedAttribute>2973E4BD-F979-D6DD-3884-88ECAE7672D1</referedAttribute>
<useDomainConstraints>false</useDomainConstraints>
<use>1</use>
<logicalDatatype>LOGDT019</logicalDatatype>
<dataTypePrecision>9</dataTypePrecision>
<ownDataTypeParameters>,9,</ownDataTypeParameters>
</Attribute>
<Attribute name="id_prod" id="CB5DE380-7B4D-77A6-FB9B-65AE20148414">
<createdBy>Administrador</createdBy>
<createdTime>2021-11-05 01:59:13 UTC</createdTime>
<generatorID>333FEDB2-CC9E-5CAA-0749-E18EF6A40E92</generatorID>
<ownerDesignName>connectionIfoodTRX</ownerDesignName>
<engineerTo>
<item key="E7EEE3C3-01DF-B8F8-4043-44E423D7C5E2" value="true"/>
</engineerTo>
<referedAttribute>5A97BED6-EFE4-43AF-F2FC-1869878DA9B1</referedAttribute>
<useDomainConstraints>false</useDomainConstraints>
<use>1</use>
<logicalDatatype>LOGDT019</logicalDatatype>
<dataTypePrecision>9</dataTypePrecision>
<ownDataTypeParameters>,9,</ownDataTypeParameters>
</Attribute>
<Attribute name="ds_prod" id="BF0D843A-2FC2-163B-6DD9-8692407D12B9">
<createdBy>Administrador</createdBy>
<createdTime>2021-11-05 01:57:00 UTC</createdTime>
<ownerDesignName>connectionIfoodTRX</ownerDesignName>
<engineerTo>
<item key="E7EEE3C3-01DF-B8F8-4043-44E423D7C5E2" value="true"/>
</engineerTo>
<useDomainConstraints>false</useDomainConstraints>
<use>1</use>
<logicalDatatype>A3A3C77D-0366-9768-FF89-1C25E56881C8</logicalDatatype>
<dataTypeSize>50</dataTypeSize>
<ownDataTypeParameters>50,,</ownDataTypeParameters>
</Attribute>
<Attribute name="vl_prod" id="5AA64758-CA1B-00AA-A4E4-78E11172F0B9">
<createdBy>Administrador</createdBy>
<createdTime>2021-11-09 00:20:50 UTC</createdTime>
<ownerDesignName>connectionIfoodTRX</ownerDesignName>
<engineerTo>
<item key="E7EEE3C3-01DF-B8F8-4043-44E423D7C5E2" value="true"/>
</engineerTo>
<useDomainConstraints>false</useDomainConstraints>
<use>1</use>
<logicalDatatype>LOGDT019</logicalDatatype>
<dataTypePrecision>5</dataTypePrecision>
<dataTypeScale>2</dataTypeScale>
<ownDataTypeParameters>,5,2</ownDataTypeParameters>
</Attribute>
</attributes>
<identifiers itemClass="oracle.dbtools.crest.model.design.logical.CandidateKey">
<identifier id="D2FB95B6-A8C4-6B21-0147-736FC811E2EF" name="T REG PROD PK">
<createdBy>Administrador</createdBy>
<createdTime>2021-11-08 23:36:47 UTC</createdTime>
<ownerDesignName>connectionIfoodTRX</ownerDesignName>
<engineerTo>
<item key="E7EEE3C3-01DF-B8F8-4043-44E423D7C5E2" value="true"/>
</engineerTo>
<pk>true</pk>
<usedAttributes>
<attributeRef>5440C913-90BF-7ED4-9C78-D7C96D1A3952</attributeRef>
</usedAttributes>
</identifier>
</identifiers>
</Entity>