<?xml version = '1.0' encoding = 'UTF-8'?>
<Entity class="oracle.dbtools.crest.model.design.logical.Entity" directorySegmentName="seg_0" id="1108753F-3D53-EE62-C09E-18F9B74FD542" name="T_PROD">
<createdBy>Administrador</createdBy>
<createdTime>2021-11-05 01:44:48 UTC</createdTime>
<ownerDesignName>connectionIfoodTRX</ownerDesignName>
<engineerTo>
<item key="E7EEE3C3-01DF-B8F8-4043-44E423D7C5E2" value="true"/>
</engineerTo>
<adequatelyNormalized>NO</adequatelyNormalized>
<expectedVolumes>0</expectedVolumes>
<fwdEngineeringStrategyName>Single Table</fwdEngineeringStrategyName>
<growthPercent>0</growthPercent>
<growthType>Year</growthType>
<maxVolumes>9999999</maxVolumes>
<minVolumes>0</minVolumes>
<normalForm>Third</normalForm>
<attributes itemClass="oracle.dbtools.crest.model.design.logical.Attribute">
<Attribute name="id_prod" id="5A97BED6-EFE4-43AF-F2FC-1869878DA9B1">
<createdBy>Administrador</createdBy>
<createdTime>2021-11-05 01:47:50 UTC</createdTime>
<ownerDesignName>connectionIfoodTRX</ownerDesignName>
<engineerTo>
<item key="E7EEE3C3-01DF-B8F8-4043-44E423D7C5E2" value="true"/>
</engineerTo>
<useDomainConstraints>false</useDomainConstraints>
<use>1</use>
<logicalDatatype>LOGDT019</logicalDatatype>
<dataTypePrecision>9</dataTypePrecision>
<ownDataTypeParameters>,9,</ownDataTypeParameters>
</Attribute>
<Attribute name="id_cat_prod" id="1309E62C-943B-4B8D-C537-42B29E54DA47">
<createdBy>Administrador</createdBy>
<createdTime>2021-11-05 01:54:35 UTC</createdTime>
<generatorID>C71E06A5-EAB0-D449-87DE-E3FFCB193F57</generatorID>
<ownerDesignName>connectionIfoodTRX</ownerDesignName>
<engineerTo>
<item key="E7EEE3C3-01DF-B8F8-4043-44E423D7C5E2" value="true"/>
</engineerTo>
<referedAttribute>93A636FE-5922-B86E-736D-E564F845267D</referedAttribute>
<useDomainConstraints>false</useDomainConstraints>
<use>1</use>
<logicalDatatype>LOGDT019</logicalDatatype>
<dataTypePrecision>2</dataTypePrecision>
<ownDataTypeParameters>,2,</ownDataTypeParameters>
</Attribute>
<Attribute name="nm_prod" id="E28AECE9-B79E-1BB6-4C8A-9608CC78B5DF">
<createdBy>Administrador</createdBy>
<createdTime>2021-11-05 01:48:03 UTC</createdTime>
<ownerDesignName>connectionIfoodTRX</ownerDesignName>
<engineerTo>
<item key="E7EEE3C3-01DF-B8F8-4043-44E423D7C5E2" value="true"/>
</engineerTo>
<useDomainConstraints>false</useDomainConstraints>
<use>1</use>
<logicalDatatype>A3A3C77D-0366-9768-FF89-1C25E56881C8</logicalDatatype>
<dataTypeSize>20</dataTypeSize>
<ownDataTypeParameters>20,,</ownDataTypeParameters>
</Attribute>
</attributes>
<identifiers itemClass="oracle.dbtools.crest.model.design.logical.CandidateKey">
<identifier id="00CD24D9-35C5-BECC-0C3C-F96458FC8CEE" name="T_PROD_PK">
<createdBy>Administrador</createdBy>
<createdTime>2021-11-05 01:48:00 UTC</createdTime>
<ownerDesignName>connectionIfoodTRX</ownerDesignName>
<engineerTo>
<item key="E7EEE3C3-01DF-B8F8-4043-44E423D7C5E2" value="true"/>
</engineerTo>
<pk>true</pk>
<usedAttributes>
<attributeRef>5A97BED6-EFE4-43AF-F2FC-1869878DA9B1</attributeRef>
</usedAttributes>
</identifier>
</identifiers>
</Entity>