<?xml version = '1.0' encoding = 'UTF-8'?>
<Entity class="oracle.dbtools.crest.model.design.logical.Entity" directorySegmentName="seg_0" id="22DB5065-B993-A3C6-3808-D2DAD9716D62" name="T_CLIENTE">
<createdBy>Administrador</createdBy>
<createdTime>2021-11-07 22:13:31 UTC</createdTime>
<ownerDesignName>connectionIfoodTRX</ownerDesignName>
<engineerTo>
<item key="E7EEE3C3-01DF-B8F8-4043-44E423D7C5E2" value="true"/>
</engineerTo>
<adequatelyNormalized>NO</adequatelyNormalized>
<expectedVolumes>0</expectedVolumes>
<fwdEngineeringStrategyName>Single Table</fwdEngineeringStrategyName>
<growthPercent>0</growthPercent>
<growthType>Year</growthType>
<maxVolumes>9999999</maxVolumes>
<minVolumes>0</minVolumes>
<normalForm>Third</normalForm>
<attributes itemClass="oracle.dbtools.crest.model.design.logical.Attribute">
<Attribute name="id_cliente" id="280C1AB3-6B5B-5398-7F19-21F98A7F386E">
<createdBy>Administrador</createdBy>
<createdTime>2021-11-07 22:14:53 UTC</createdTime>
<ownerDesignName>connectionIfoodTRX</ownerDesignName>
<engineerTo>
<item key="E7EEE3C3-01DF-B8F8-4043-44E423D7C5E2" value="true"/>
</engineerTo>
<useDomainConstraints>false</useDomainConstraints>
<use>1</use>
<logicalDatatype>LOGDT019</logicalDatatype>
<dataTypePrecision>9</dataTypePrecision>
<ownDataTypeParameters>,9,</ownDataTypeParameters>
</Attribute>
<Attribute name="nm_cliente" id="D9A854E1-26AA-12E0-B3E6-71E787BB77BA">
<createdBy>Administrador</createdBy>
<createdTime>2021-11-07 22:15:11 UTC</createdTime>
<ownerDesignName>connectionIfoodTRX</ownerDesignName>
<engineerTo>
<item key="E7EEE3C3-01DF-B8F8-4043-44E423D7C5E2" value="true"/>
</engineerTo>
<useDomainConstraints>false</useDomainConstraints>
<use>1</use>
<logicalDatatype>A3A3C77D-0366-9768-FF89-1C25E56881C8</logicalDatatype>
<dataTypeSize>50</dataTypeSize>
<ownDataTypeParameters>50,,</ownDataTypeParameters>
</Attribute>
<Attribute name="ds_end" id="E4CF8B45-3487-4E68-CC07-DD377DE17E6A">
<createdBy>Administrador</createdBy>
<createdTime>2021-11-07 22:15:29 UTC</createdTime>
<ownerDesignName>connectionIfoodTRX</ownerDesignName>
<engineerTo>
<item key="E7EEE3C3-01DF-B8F8-4043-44E423D7C5E2" value="true"/>
</engineerTo>
<useDomainConstraints>false</useDomainConstraints>
<use>1</use>
<logicalDatatype>LOGDT024</logicalDatatype>
<dataTypeSize>50</dataTypeSize>
<ownDataTypeParameters>50,,</ownDataTypeParameters>
</Attribute>
</attributes>
<identifiers itemClass="oracle.dbtools.crest.model.design.logical.CandidateKey">
<identifier id="FF140D6B-CDA0-784D-B0A5-9B0031C9CBD7" name="T_CLIENTE_PK">
<createdBy>Administrador</createdBy>
<createdTime>2021-11-07 22:15:09 UTC</createdTime>
<ownerDesignName>connectionIfoodTRX</ownerDesignName>
<engineerTo>
<item key="E7EEE3C3-01DF-B8F8-4043-44E423D7C5E2" value="true"/>
</engineerTo>
<pk>true</pk>
<usedAttributes>
<attributeRef>280C1AB3-6B5B-5398-7F19-21F98A7F386E</attributeRef>
</usedAttributes>
</identifier>
</identifiers>
</Entity>