<?xml version = '1.0' encoding = 'UTF-8'?>
<Entity class="oracle.dbtools.crest.model.design.logical.Entity" directorySegmentName="seg_0" id="A290BEFB-7369-49B7-EABE-356995E5D44E" name="T_PEDIDOS">
<createdBy>Administrador</createdBy>
<createdTime>2021-11-07 22:12:15 UTC</createdTime>
<ownerDesignName>connectionIfoodTRX</ownerDesignName>
<engineerTo>
<item key="E7EEE3C3-01DF-B8F8-4043-44E423D7C5E2" value="true"/>
</engineerTo>
<adequatelyNormalized>NO</adequatelyNormalized>
<expectedVolumes>0</expectedVolumes>
<fwdEngineeringStrategyName>Single Table</fwdEngineeringStrategyName>
<growthPercent>0</growthPercent>
<growthType>Year</growthType>
<maxVolumes>9999999</maxVolumes>
<minVolumes>0</minVolumes>
<normalForm>Third</normalForm>
<attributes itemClass="oracle.dbtools.crest.model.design.logical.Attribute">
<Attribute name="id_pedido" id="A585185D-C13C-D0A4-7F9B-139EE91B9E66">
<createdBy>Administrador</createdBy>
<createdTime>2021-11-08 00:35:43 UTC</createdTime>
<ownerDesignName>connectionIfoodTRX</ownerDesignName>
<engineerTo>
<item key="E7EEE3C3-01DF-B8F8-4043-44E423D7C5E2" value="true"/>
</engineerTo>
<useDomainConstraints>false</useDomainConstraints>
<use>1</use>
<logicalDatatype>LOGDT019</logicalDatatype>
<dataTypePrecision>9</dataTypePrecision>
<ownDataTypeParameters>,9,</ownDataTypeParameters>
</Attribute>
<Attribute name="id_cliente" id="819347DF-7A86-253A-4F51-14A987CADFC3">
<createdBy>Administrador</createdBy>
<createdTime>2021-11-07 22:17:45 UTC</createdTime>
<generatorID>6A5AE4CC-66D7-71FB-8401-FD1A20042FD9</generatorID>
<ownerDesignName>connectionIfoodTRX</ownerDesignName>
<engineerTo>
<item key="E7EEE3C3-01DF-B8F8-4043-44E423D7C5E2" value="true"/>
</engineerTo>
<referedAttribute>280C1AB3-6B5B-5398-7F19-21F98A7F386E</referedAttribute>
<useDomainConstraints>false</useDomainConstraints>
<use>1</use>
<logicalDatatype>LOGDT019</logicalDatatype>
<dataTypePrecision>9</dataTypePrecision>
<ownDataTypeParameters>,9,</ownDataTypeParameters>
</Attribute>
<Attribute name="id_reg_prod" id="247B88F7-A7FC-1A85-C67C-75C39BFAA820">
<createdBy>Administrador</createdBy>
<createdTime>2021-11-08 23:36:55 UTC</createdTime>
<generatorID>CFFF225A-C1A3-39E5-7AA9-113960843156</generatorID>
<ownerDesignName>connectionIfoodTRX</ownerDesignName>
<engineerTo>
<item key="E7EEE3C3-01DF-B8F8-4043-44E423D7C5E2" value="true"/>
</engineerTo>
<referedAttribute>5440C913-90BF-7ED4-9C78-D7C96D1A3952</referedAttribute>
<useDomainConstraints>false</useDomainConstraints>
<use>1</use>
<logicalDatatype>LOGDT019</logicalDatatype>
<dataTypePrecision>9</dataTypePrecision>
<ownDataTypeParameters>,9,</ownDataTypeParameters>
</Attribute>
<Attribute name="id_avaliacao" id="A445DA52-F6CC-8B74-6881-EF51F7FF1C90">
<createdBy>Administrador</createdBy>
<createdTime>2021-11-09 00:32:11 UTC</createdTime>
<generatorID>CA862948-F68B-F7B1-F572-AEEBB0A4A247</generatorID>
<ownerDesignName>connectionIfoodTRX</ownerDesignName>
<engineerTo>
<item key="E7EEE3C3-01DF-B8F8-4043-44E423D7C5E2" value="true"/>
</engineerTo>
<referedAttribute>C16048A6-0492-B858-1D39-281CB99E363F</referedAttribute>
<useDomainConstraints>false</useDomainConstraints>
<use>1</use>
<logicalDatatype>LOGDT019</logicalDatatype>
<dataTypePrecision>9</dataTypePrecision>
<ownDataTypeParameters>,9,</ownDataTypeParameters>
</Attribute>
<Attribute name="vl_taxa_entr" id="4F11B691-E8EF-0985-E3DC-79E14A622DCF">
<createdBy>Administrador</createdBy>
<createdTime>2021-11-07 23:01:19 UTC</createdTime>
<ownerDesignName>connectionIfoodTRX</ownerDesignName>
<engineerTo>
<item key="E7EEE3C3-01DF-B8F8-4043-44E423D7C5E2" value="true"/>
</engineerTo>
<useDomainConstraints>false</useDomainConstraints>
<use>1</use>
<logicalDatatype>LOGDT019</logicalDatatype>
<dataTypePrecision>5</dataTypePrecision>
<dataTypeScale>2</dataTypeScale>
<ownDataTypeParameters>,5,2</ownDataTypeParameters>
</Attribute>
<Attribute name="qt_prod" id="F7C018FA-17EF-69E6-1FD2-BD0B8E34C049">
<createdBy>Administrador</createdBy>
<createdTime>2021-11-09 22:42:40 UTC</createdTime>
<ownerDesignName>connectionIfoodTRX</ownerDesignName>
<engineerTo>
<item key="E7EEE3C3-01DF-B8F8-4043-44E423D7C5E2" value="true"/>
</engineerTo>
<useDomainConstraints>false</useDomainConstraints>
<use>1</use>
<logicalDatatype>LOGDT019</logicalDatatype>
<dataTypePrecision>2</dataTypePrecision>
<ownDataTypeParameters>,2,</ownDataTypeParameters>
</Attribute>
<Attribute name="vl_total" id="E95CD4A2-B918-6A41-2653-328ECC38CA06">
<createdBy>Administrador</createdBy>
<createdTime>2021-11-07 23:00:17 UTC</createdTime>
<ownerDesignName>connectionIfoodTRX</ownerDesignName>
<engineerTo>
<item key="E7EEE3C3-01DF-B8F8-4043-44E423D7C5E2" value="true"/>
</engineerTo>
<useDomainConstraints>false</useDomainConstraints>
<use>1</use>
<logicalDatatype>LOGDT019</logicalDatatype>
<dataTypePrecision>5</dataTypePrecision>
<dataTypeScale>2</dataTypeScale>
<ownDataTypeParameters>,5,2</ownDataTypeParameters>
</Attribute>
</attributes>
<identifiers itemClass="oracle.dbtools.crest.model.design.logical.CandidateKey">
<identifier id="006AE676-5CC3-24BD-EE1B-235C08AE8C14" name="T_PEDIDOS PK">
<createdBy>Administrador</createdBy>
<createdTime>2021-11-08 23:48:52 UTC</createdTime>
<ownerDesignName>connectionIfoodTRX</ownerDesignName>
<engineerTo>
<item key="E7EEE3C3-01DF-B8F8-4043-44E423D7C5E2" value="true"/>
</engineerTo>
<pk>true</pk>
<usedAttributes>
<attributeRef>A585185D-C13C-D0A4-7F9B-139EE91B9E66</attributeRef>
</usedAttributes>
</identifier>
</identifiers>
</Entity>