<?xml version = '1.0' encoding = 'UTF-8'?>
<Relation class="oracle.dbtools.crest.model.design.logical.Relation" name="T REG PROD T PROD FK" directorySegmentName="seg_0" id="333FEDB2-CC9E-5CAA-0749-E18EF6A40E92">
<createdBy>Administrador</createdBy>
<createdTime>2021-11-05 01:59:13 UTC</createdTime>
<ownerDesignName>connectionIfoodTRX</ownerDesignName>
<engineerTo>
<item key="E7EEE3C3-01DF-B8F8-4043-44E423D7C5E2" value="true"/>
</engineerTo>
<sourcePk>00CD24D9-35C5-BECC-0C3C-F96458FC8CEE</sourcePk>
<identifying>false</identifying>
<optionalSource>true</optionalSource>
<optionalTarget>false</optionalTarget>
<sourceCardinality>1</sourceCardinality>
<sourceEntity>1108753F-3D53-EE62-C09E-18F9B74FD542</sourceEntity>
<targetCardinalityString>*</targetCardinalityString>
<targetEntity>0712D206-DEB7-8BB6-28C1-06A3B41B3DBC</targetEntity>
<transferable>true</transferable>
<deleteRule>NO ACTION</deleteRule>
</Relation>