<?xml version = '1.0' encoding = 'UTF-8'?>
<Relation class="oracle.dbtools.crest.model.design.logical.Relation" name="Relation_27" directorySegmentName="seg_0" id="4B527BAB-35F9-521E-6299-A6301047E4C5">
<createdBy>Administrador</createdBy>
<createdTime>2021-11-08 00:39:08 UTC</createdTime>
<ownerDesignName>connectionIfoodTRX</ownerDesignName>
<engineerTo>
<item key="E7EEE3C3-01DF-B8F8-4043-44E423D7C5E2" value="true"/>
</engineerTo>
<sourcePk>6E7736B6-FEE1-D92F-3169-FFC274B252DC</sourcePk>
<identifying>false</identifying>
<optionalSource>true</optionalSource>
<optionalTarget>false</optionalTarget>
<sourceCardinality>1</sourceCardinality>
<sourceEntity>AF5E8980-B861-64E6-5380-B7F753741D9B</sourceEntity>
<targetCardinalityString>*</targetCardinalityString>
<targetEntity>D3671F8A-1C89-FA93-F02C-4DAFDCA1C661</targetEntity>
<transferable>true</transferable>
<deleteRule>NO ACTION</deleteRule>
</Relation>