<?xml version = '1.0' encoding = 'UTF-8'?>
<Relation class="oracle.dbtools.crest.model.design.logical.Relation" name="T PEDIDOS T CLIENTE FK" directorySegmentName="seg_0" id="6A5AE4CC-66D7-71FB-8401-FD1A20042FD9">
<createdBy>Administrador</createdBy>
<createdTime>2021-11-07 22:17:45 UTC</createdTime>
<ownerDesignName>connectionIfoodTRX</ownerDesignName>
<engineerTo>
<item key="E7EEE3C3-01DF-B8F8-4043-44E423D7C5E2" value="true"/>
</engineerTo>
<sourcePk>FF140D6B-CDA0-784D-B0A5-9B0031C9CBD7</sourcePk>
<identifying>false</identifying>
<optionalSource>true</optionalSource>
<optionalTarget>false</optionalTarget>
<sourceCardinality>1</sourceCardinality>
<sourceEntity>22DB5065-B993-A3C6-3808-D2DAD9716D62</sourceEntity>
<targetCardinalityString>*</targetCardinalityString>
<targetEntity>A290BEFB-7369-49B7-EABE-356995E5D44E</targetEntity>
<transferable>true</transferable>
<deleteRule>NO ACTION</deleteRule>
</Relation>