<?xml version = '1.0' encoding = 'UTF-8'?>
<Relation class="oracle.dbtools.crest.model.design.logical.Relation" name="T PROD T CAT PROD FK" directorySegmentName="seg_0" id="C71E06A5-EAB0-D449-87DE-E3FFCB193F57">
<createdBy>Administrador</createdBy>
<createdTime>2021-11-05 01:54:35 UTC</createdTime>
<ownerDesignName>connectionIfoodTRX</ownerDesignName>
<engineerTo>
<item key="E7EEE3C3-01DF-B8F8-4043-44E423D7C5E2" value="true"/>
</engineerTo>
<sourcePk>1898996A-D3D7-DA4E-05CB-365AE7C76B2A</sourcePk>
<identifying>false</identifying>
<optionalSource>true</optionalSource>
<optionalTarget>false</optionalTarget>
<sourceCardinality>1</sourceCardinality>
<sourceEntity>FCC293EC-682C-46E4-ABB3-10B25525E3F7</sourceEntity>
<targetCardinalityString>*</targetCardinalityString>
<targetEntity>1108753F-3D53-EE62-C09E-18F9B74FD542</targetEntity>
<transferable>true</transferable>
<deleteRule>NO ACTION</deleteRule>
</Relation>