<?xml version = '1.0' encoding = 'UTF-8'?>
<Relation class="oracle.dbtools.crest.model.design.logical.Relation" name="Relation_30" directorySegmentName="seg_0" id="CA862948-F68B-F7B1-F572-AEEBB0A4A247">
<createdBy>Administrador</createdBy>
<createdTime>2021-11-08 00:40:42 UTC</createdTime>
<ownerDesignName>connectionIfoodTRX</ownerDesignName>
<engineerTo>
<item key="E7EEE3C3-01DF-B8F8-4043-44E423D7C5E2" value="true"/>
</engineerTo>
<sourcePk>F254F1C2-6537-184E-59C0-7E5C432B996D</sourcePk>
<identifying>false</identifying>
<optionalSource>true</optionalSource>
<optionalTarget>false</optionalTarget>
<sourceCardinality>1</sourceCardinality>
<sourceEntity>D3671F8A-1C89-FA93-F02C-4DAFDCA1C661</sourceEntity>
<targetCardinalityString>1</targetCardinalityString>
<targetEntity>A290BEFB-7369-49B7-EABE-356995E5D44E</targetEntity>
<transferable>true</transferable>
<deleteRule>NO ACTION</deleteRule>
</Relation>