<?xml version = '1.0' encoding = 'UTF-8'?>
<Relation class="oracle.dbtools.crest.model.design.logical.Relation" name="Relation_24" directorySegmentName="seg_0" id="CFFF225A-C1A3-39E5-7AA9-113960843156">
<createdBy>Administrador</createdBy>
<createdTime>2021-11-07 22:37:35 UTC</createdTime>
<ownerDesignName>connectionIfoodTRX</ownerDesignName>
<engineerTo>
<item key="E7EEE3C3-01DF-B8F8-4043-44E423D7C5E2" value="true"/>
</engineerTo>
<sourcePk>D2FB95B6-A8C4-6B21-0147-736FC811E2EF</sourcePk>
<identifying>false</identifying>
<optionalSource>true</optionalSource>
<optionalTarget>false</optionalTarget>
<sourceCardinality>1</sourceCardinality>
<sourceEntity>0712D206-DEB7-8BB6-28C1-06A3B41B3DBC</sourceEntity>
<targetCardinalityString>*</targetCardinalityString>
<targetEntity>A290BEFB-7369-49B7-EABE-356995E5D44E</targetEntity>
<transferable>true</transferable>
<deleteRule>NO ACTION</deleteRule>
</Relation>