<?xml version = '1.0' encoding = 'UTF-8'?>
<Relation class="oracle.dbtools.crest.model.design.logical.Relation" name="T REG PROD T REST FK" directorySegmentName="seg_0" id="DAB10173-0486-E21D-BAD3-858C13511C8D">
<createdBy>Administrador</createdBy>
<createdTime>2021-11-05 01:59:38 UTC</createdTime>
<ownerDesignName>connectionIfoodTRX</ownerDesignName>
<engineerTo>
<item key="E7EEE3C3-01DF-B8F8-4043-44E423D7C5E2" value="true"/>
</engineerTo>
<sourcePk>6E7736B6-FEE1-D92F-3169-FFC274B252DC</sourcePk>
<identifying>false</identifying>
<optionalSource>true</optionalSource>
<optionalTarget>false</optionalTarget>
<sourceCardinality>1</sourceCardinality>
<sourceEntity>AF5E8980-B861-64E6-5380-B7F753741D9B</sourceEntity>
<targetCardinalityString>*</targetCardinalityString>
<targetEntity>0712D206-DEB7-8BB6-28C1-06A3B41B3DBC</targetEntity>
<transferable>true</transferable>
<deleteRule>NO ACTION</deleteRule>
</Relation>